rosbagTimestamp,milliseconds,rate,data_0,data_1,data_2
1534272494574598690,552,552,6806,100,0
1534272495575157010,1556,1004,5174,46,3
1534272496576431355,2556,1000,7443,89,9
1534272497578278357,3558,1002,7006,105,6
1534272498579941270,4559,1001,6062,74,8
1534272499581067245,5560,1001,8763,169,5
1534272500582550440,6561,1001,6511,70,6
1534272501584343642,7563,1002,5701,84,1
1534272502585733885,8563,1000,7866,27,1
1534272503587135986,9565,1002,9865,80,0
1534272504588835437,10566,1001,3627,104,0
1534272505592011915,11567,1001,9076,113,9
1534272506591842658,12568,1001,5135,61,7
1534272507593967123,13570,1002,373,4,0
1534272508595201569,14570,1000,6219,84,10
1534272509597149807,15571,1001,6138,44,7
1534272510598405378,16573,1002,1636,139,6
1534272511600110575,17574,1001,8572,127,0
1534272512601811891,18575,1001,8525,128,6
1534272513603526042,19576,1001,9446,153,5
1534272514605375489,20578,1002,3469,145,5
1534272515606449331,21579,1001,9520,119,7
1534272516608269996,22580,1001,3829,18,8
1534272517609743694,23581,1001,9098,145,9
1534272518611547533,24583,1002,9139,190,4
1534272519613174774,25584,1001,85,35,1
1534272520615714285,26585,1001,5908,5,2
1534272521615928157,27586,1001,3175,99,4
1534272522617531024,28587,1001,81,155,6
1534272523619196485,29588,1001,4639,45,10
1534272524620965457,30589,1001,2115,182,8
1534272525623558442,31591,1002,6669,96,1
1534272526624339983,32591,1000,8232,39,2
1534272527625451297,33593,1002,3948,147,1
1534272528627356383,34594,1001,2199,176,4
1534272529628761247,35595,1001,6609,76,2
1534272530632002452,36596,1001,7534,144,4
1534272531632020103,37598,1002,5553,173,0
1534272532633744321,38599,1001,9464,149,2
1534272533635448549,39600,1001,4716,8,8
1534272534636709425,40601,1001,722,58,5
1534272535639852899,41603,1002,9049,49,0
1534272536639833481,42603,1000,7722,124,0
1534272537641572072,43604,1001,2778,136,6
1534272538643109722,44606,1002,9802,151,9
1534272539644478804,45607,1001,566,63,6
1534272540647641864,46608,1001,7587,173,3
1534272541647717536,47609,1001,9680,74,2
1534272542649510954,48611,1002,474,128,4
1534272543651195042,49611,1000,9381,17,10
1534272544652824682,50613,1002,8333,160,2
1534272545655707744,51614,1001,2426,192,8
1534272546655870792,52616,1002,5081,167,4
1534272547657818310,53616,1000,3685,183,3
1534272548659186051,54618,1002,2217,44,1
1534272549660949387,55619,1001,5481,123,7
1534272550662583966,56621,1002,8916,151,2
1534272551664168677,57621,1000,5222,181,9
1534272552665636168,58622,1001,2585,109,8
1534272553667459565,59624,1002,6148,16,5
1534272554668928207,60625,1001,2333,43,10
1534272555670621672,61626,1001,5484,62,0
1534272556673367696,62627,1001,7570,166,8
1534272557673880477,63629,1002,7571,179,5
1534272558675351078,64629,1000,6815,90,8
1534272559676762394,65631,1002,4278,34,1
1534272560678482620,66632,1001,343,87,4
1534272561681290403,67633,1001,6513,158,7
1534272562681703359,68634,1001,4902,162,9
1534272563683215178,69636,1002,9571,182,1
1534272564685000768,70637,1001,5717,121,2
1534272565686374048,71638,1001,4514,50,4
1534272566689535394,72639,1001,1872,154,2
1534272567689931743,73640,1001,6526,181,10
1534272568691636480,74642,1002,8508,45,4
1534272569693213200,75642,1000,2450,193,6
1534272570694741546,76644,1002,7707,187,8
1534272571697795782,77645,1001,9450,152,1
1534272572697786564,78647,1002,7054,42,7
1534272573699912439,79647,1000,2242,109,2
1534272574701126079,80649,1002,6398,28,6
1534272575702545928,81650,1001,4297,15,8
1534272576705576123,82651,1001,2139,199,1
1534272577705685709,83652,1001,9985,87,5
1534272578707627583,84654,1002,4749,152,6
1534272579708903550,85655,1001,5153,36,3
1534272580710900637,86656,1001,2456,106,6
1534272581713577577,87657,1001,8830,50,1
1534272582713945285,88658,1001,3877,79,5
1534272583715387802,89660,1002,2406,84,3
1534272584717518402,90660,1000,2863,156,8
1534272585718646476,91662,1002,6449,32,4
1534272586721279745,92663,1001,9835,90,0
1534272587721859394,93664,1001,4564,28,3
1534272588723734454,94665,1001,7365,108,2
1534272589724982087,95667,1002,2364,64,0
1534272590726629104,96667,1000,325,110,9
1534272591730026107,97669,1002,1260,36,0
1534272592729751075,98670,1001,287,114,8
1534272593731665789,99672,1002,9032,165,5
1534272594733020717,100672,1000,551,10,7
1534272595734830326,101673,1001,4352,189,1
1534272596737486330,102675,1002,6626,63,8
1534272597737906976,103676,1001,8682,51,3
1534272598739864543,104677,1001,6618,104,9
1534272599741220712,105678,1001,7316,62,1
1534272600742959986,106680,1002,3666,165,1
1534272601744532707,107681,1001,6170,95,0
1534272602746136951,108682,1001,4661,154,4
1534272603747948035,109683,1001,9913,27,10
1534272604749840678,110685,1002,5009,177,7
1534272605751284830,111686,1001,1350,84,6
1534272606753049775,112687,1001,7283,197,1
1534272607754778630,113688,1001,9424,140,6
1534272608756100649,114690,1002,9600,96,3
1534272609757984582,115691,1001,8375,111,2
1534272610759473404,116692,1001,5988,180,2
1534272611761204659,117693,1001,8104,11,3
1534272612762546384,118694,1001,6526,10,0
1534272613764439040,119696,1002,8759,99,9
1534272614766174888,120697,1001,8504,171,7
1534272615770055941,121698,1001,8579,97,5
1534272615869648792,121800,102,498,65,3
1534272615971024261,121902,102,2079,126,10
1534272616071877196,122003,101,6295,43,6
1534272616173506600,122104,101,1658,192,6
1534272616274647345,122206,102,4763,63,8
1534272616375876913,122306,100,222,195,3
1534272616477006699,122407,101,7194,183,0
1534272616578315554,122509,102,3043,143,7
1534272616679896814,122610,101,4404,140,8
1534272616780805441,122712,102,7315,85,7
1534272616882248236,122812,100,4426,142,1
1534272616983309701,122913,101,6231,190,9
1534272617084646219,123015,102,4733,200,7
1534272617185874170,123116,101,5694,166,10
1534272617287031584,123217,101,4716,79,3
1534272617388102072,123319,102,683,93,1
1534272617489379388,123419,100,359,101,2
1534272617590547683,123521,102,1206,86,10
1534272617691785032,123622,101,7379,98,6
1534272617793243258,123723,101,5116,171,3
1534272617894266573,123825,102,5199,93,2
1534272617995649019,123925,100,439,192,0
1534272618096756427,124026,101,4864,24,10
1534272618198081150,124128,102,8919,89,7
1534272618299408320,124229,101,2250,188,3
1534272618400537889,124331,102,3109,4,6
1534272618501727982,124431,100,6367,87,4
1534272618603125660,124532,101,8768,169,4
1534272618703988828,124634,102,5220,0,4
1534272618805140418,124735,101,5738,168,4
1534272618906443757,124836,101,1762,35,0
1534272619007701079,124937,101,3236,104,9
1534272619109069335,125038,101,2391,167,9
1534272619210111779,125139,101,6103,53,2
1534272619311468222,125241,102,9384,62,10
1534272619412794053,125342,101,2067,197,10
1534272619513882049,125443,101,5617,67,1
1534272619614927731,125544,101,3767,8,9
1534272619716188033,125645,101,2691,25,2
1534272619817690347,125747,102,9676,145,2
1534272619919066104,125848,101,4605,98,2
1534272620019959693,125948,100,4711,177,7
1534272620121107748,126050,102,7445,0,8
1534272620222406213,126151,101,1058,123,3
1534272620323486291,126253,102,7893,90,6
1534272620424938021,126354,101,6853,116,5
1534272620526574205,126454,100,1509,102,9
1534272620627345297,126556,102,2741,150,7
1534272620728703801,126657,101,329,60,6
1534272620829727187,126758,101,1995,70,0
1534272620930587145,126860,102,2144,58,6
1534272621032134423,126960,100,6298,194,0
1534272621133353501,127062,102,1685,50,5
1534272621234462194,127163,101,8689,177,5
1534272621335862241,127264,101,1344,124,5
1534272621437263428,127366,102,7525,108,6
1534272621538222121,127467,101,5102,50,4
1534272621639953981,127567,100,6623,113,2
1534272621740737622,127669,102,6616,126,7
1534272621841858929,127770,101,2029,20,0
1534272621943181442,127872,102,6319,56,1
1534272622044579217,127973,101,7569,158,1
1534272622145781332,128073,100,6935,127,2
1534272622246793977,128175,102,917,0,5
1534272622348139066,128276,101,1130,126,7
1534272622449221136,128377,101,2734,105,9
1534272622550689331,128479,102,6979,49,3
1534272622651762824,128579,100,3570,92,4
1534272622752921832,128680,101,7479,61,3
1534272622853970792,128782,102,716,166,1
1534272622955436560,128883,101,8032,182,0
1534272623056402501,128985,102,3061,124,7
1534272623159331549,129085,100,9636,48,1
1534272623258757673,129186,101,8084,91,7
1534272623359963406,129288,102,6313,160,5
1534272623461405902,129389,101,8060,118,2
1534272623562278571,129490,101,3086,122,2
1534272623663869138,129592,102,4009,170,8
1534272623765398585,129692,100,8712,180,0
1534272623866580885,129794,102,4870,192,6
1534272623967672266,129895,101,4466,114,9
1534272624068523399,129996,101,1180,61,6
1534272624170214252,130098,102,5590,48,10
1534272624271732717,130198,100,3972,161,5
1534272624372579016,130299,101,5902,17,2
1534272624473672689,130401,102,3482,77,0
1534272624575012202,130502,101,8780,160,8
1534272624676615487,130604,102,8958,69,1
1534272624777077678,130705,101,4079,17,2
1534272624878782774,130805,100,7125,159,0
1534272624980088289,130907,102,7888,95,8
1534272625081340109,131008,101,4113,120,7
1534272625182270697,131109,101,2311,56,6
1534272625283218605,131211,102,7609,43,6
1534272625384390458,131311,100,9817,51,3
1534272625485771200,131412,101,5394,149,6
1534272625586981452,131514,102,1300,151,1
1534272625688441715,131615,101,9644,15,7
1534272625789469769,131717,102,709,11,4
1534272625891146441,131817,100,2163,64,8
1534272625991819101,131918,101,8138,7,8
1534272626093254985,132020,102,3251,130,6
1534272626194650622,132121,101,8259,126,2
1534272626295568552,132222,101,8393,169,5
1534272626396949552,132323,101,5790,176,2
1534272626497749604,132424,101,3927,72,3
1534272626599431291,132526,102,2821,84,1
1534272626700534661,132627,101,7809,88,8
1534272626801843901,132728,101,6103,151,2
1534272626903133569,132829,101,5982,79,6
1534272627006664340,132930,101,2233,91,7
1534272627506927715,133433,503,4370,32,9
1534272628008188591,133934,501,7254,116,9
1534272628509502959,134435,501,8153,199,8
1534272629010984762,134936,501,4792,103,0
1534272629512284132,135437,501,651,145,10
1534272630013775978,135939,502,6512,94,4
1534272630515185527,136439,500,6177,58,3
1534272631016520567,136941,502,6488,61,5
1534272631518009110,137442,501,5313,136,9
1534272632020815101,137944,502,3130,71,1
1534272632520754422,138444,500,7339,80,2
1534272633022195166,138945,501,3303,150,5
1534272633523690378,139447,502,3773,72,9
1534272634025004261,139948,501,3303,200,5
1534272634526405449,140449,501,9302,177,1
1534272635027816761,140950,501,7541,121,3
1534272635528902369,141452,502,3739,91,6
1534272636030521797,141953,501,407,190,3
1534272636531958356,142454,501,1384,65,1
1534272637034790429,142955,501,8734,187,3
1534272637534440840,143456,501,4963,61,9
1534272638038127072,143958,502,3336,196,8
1534272638043202703,143965,7,8388,29,8
1534272638048908339,143971,6,1132,129,6
1534272638054754641,143977,6,7864,41,9
1534272638060803635,143983,6,7719,182,0
1534272638066851566,143989,6,4345,145,2
1534272638072638983,143995,6,5219,64,0
1534272638078737140,144001,6,2870,156,7
1534272638084989995,144007,6,1540,180,1
1534272638091208875,144013,6,4651,75,1
1534272638097446769,144019,6,1180,146,10
1534272638103633490,144025,6,7290,199,7
1534272638109728995,144031,6,6751,179,2
1534272638116018425,144037,6,5288,110,10
1534272638121893921,144044,7,7597,57,5
1534272638128063358,144050,6,7719,3,4
1534272638133973299,144056,6,4696,0,5
1534272638139938341,144062,6,287,68,2
1534272638146354382,144068,6,1394,24,3
1534272638152228484,144074,6,9446,64,9
1534272638158494317,144080,6,4252,70,10
1534272638163799629,144087,7,3871,99,7
1534272638170444463,144092,5,8389,197,10
1534272638176250696,144098,6,3032,196,4
1534272638182526039,144104,6,8830,23,8
1534272638188615131,144110,6,815,22,8
1534272638194912633,144116,6,7579,108,4
1534272638201022207,144122,6,3202,127,9
1534272638206822435,144129,7,459,172,9
1534272638212956191,144135,6,7071,90,10
1534272638219307775,144141,6,1548,165,7
1534272638225436811,144147,6,7791,12,6
1534272638231114076,144153,6,8812,9,5
1534272638237205468,144159,6,5781,43,6
1534272638243632171,144165,6,9229,101,6
1534272638249453833,144172,7,6754,4,1
1534272638255554174,144178,6,2888,138,2
1534272638260946297,144184,6,4862,97,9
1534272638267199154,144189,5,3972,64,5
1534272638273471108,144195,6,155,17,7
1534272638279727470,144201,6,3524,111,4
1534272638285935331,144207,6,2795,135,0
1534272638292227081,144214,7,8789,200,2
1534272638297942835,144220,6,4098,133,9
1534272638304213133,144226,6,9215,126,9
1534272638310238298,144232,6,2526,181,2
1534272638316650070,144238,6,2242,152,8
1534272638322562551,144244,6,3802,104,6
1534272638328668092,144250,6,1685,65,2
1534272638334565009,144257,7,1409,58,4
1534272638340846325,144263,6,9954,69,1
1534272638346976427,144269,6,5562,72,7
1534272638352872506,144275,6,300,168,0
1534272638359098597,144281,6,7646,87,8
1534272638364612713,144286,5,5354,95,5
1534272638371110295,144292,6,2749,136,5
1534272638377571358,144299,7,9545,174,7
1534272638383326961,144305,6,9687,119,4
1534272638389378297,144311,6,5170,58,4
1534272638395348098,144317,6,6513,95,8
1534272638401228305,144323,6,5474,194,2
1534272638407659653,144329,6,3084,86,0
1534272638413882867,144335,6,5710,9,5
1534272638419680344,144342,7,1588,41,0
1534272638425992117,144348,6,2328,142,10
1534272638431785755,144354,6,5938,34,7
1534272638437902286,144360,6,1746,141,5
1534272638444350115,144366,6,6326,188,3
1534272638450113240,144372,6,7699,136,2
1534272638456212502,144378,6,7882,99,8
1534272638462184561,144385,7,9402,182,3
1534272638467947715,144390,5,9846,85,3
1534272638474535947,144396,6,8735,200,1
1534272638480411982,144402,6,3022,87,4
1534272638486553373,144408,6,334,145,8
1534272638492566473,144414,6,9663,57,2
1534272638500794130,144420,6,9762,12,5
1534272638504789731,144427,7,6623,88,7
1534272638511016039,144433,6,6443,37,8
1534272638516996298,144439,6,7003,96,7
1534272638523170897,144445,6,8066,84,10
1534272638529480866,144451,6,6835,111,1
1534272638535266662,144457,6,5842,7,9
1534272638541786040,144463,6,9339,0,9
1534272638548298288,144468,5,5335,132,0
1534272638553827630,144475,7,3912,156,3
1534272638559714959,144481,6,5194,191,6
1534272638565162644,144487,6,1982,76,6
1534272638571463809,144493,6,345,94,1
1534272638577711965,144499,6,7115,154,2
1534272638583799935,144505,6,1158,55,7
1534272638589716265,144512,7,9499,8,6
1534272638596131138,144518,6,4835,102,4
1534272638602028089,144524,6,4363,101,9
1534272638607810858,144530,6,2947,4,7
1534272638614333831,144536,6,8202,27,0
1534272638620191144,144542,6,1272,0,5
1534272638626404375,144547,5,7371,168,5
1534272638632156296,144553,6,7950,4,1
1534272638638311924,144560,7,4420,164,7
1534272638644525052,144566,6,5400,106,5
1534272638650987151,144572,6,7474,88,8
1534272638656727579,144578,6,4940,57,2
1534272638665903759,144584,6,4810,154,5
1534272638668977889,144590,6,9216,132,5
1534272638674914036,144596,6,1905,126,7
1534272638681412372,144603,7,4676,192,9
1534272638687166674,144609,6,4152,56,3
1534272638693072604,144615,6,2863,15,4
1534272638699405127,144621,6,2515,197,10
1534272638705549887,144627,6,7089,63,8
1534272638711570275,144633,6,6111,118,2
1534272638717690869,144640,7,2752,175,7
1534272638724023085,144646,6,9305,140,5
1534272638729788190,144652,6,9942,79,1
1534272638735993943,144658,6,5122,200,6
1534272638742164934,144664,6,876,121,6
1534272638748141556,144669,5,3589,190,1
1534272638754345239,144675,6,5749,3,5
1534272638760557415,144681,6,9345,129,10
1534272638766677025,144688,7,4310,158,5
1534272638772356525,144694,6,9823,23,7
1534272638778571609,144700,6,9976,195,1
1534272638784739243,144706,6,5219,51,4
1534272638790907516,144712,6,7750,115,9
1534272638796587030,144718,6,241,39,5
1534272638802669866,144724,6,7703,146,9
1534272638808872746,144731,7,3519,178,5
1534272638815182425,144737,6,9418,139,5
1534272638821165375,144743,6,4980,143,3
1534272638827656515,144749,6,5633,97,5
1534272638833944760,144755,6,6572,9,10
1534272638839422879,144761,6,8398,42,7
1534272638845572413,144768,7,7476,32,4
1534272638851881487,144773,5,3386,144,8
1534272638857795357,144779,6,3955,79,4
1534272638867963563,144785,6,7741,71,4
1534272638870000345,144791,6,7555,112,4
1534272638875772763,144797,6,2715,20,7
1534272638882200036,144803,6,8731,130,2
1534272638888179471,144809,6,9591,172,8
1534272638894346936,144816,7,8659,23,9
1534272638899960959,144822,6,2980,139,3
1534272638906117633,144828,6,6105,5,9
1534272638912338331,144834,6,3001,45,6
1534272638918438429,144840,6,5488,35,4
1534272638924729261,144846,6,6714,165,8
1534272638930760115,144852,6,8986,143,9
1534272638936812060,144859,7,4309,12,9
1534272638943032358,144865,6,7721,81,4
1534272638949198870,144870,5,9612,176,2
1534272638955147117,144876,6,8309,188,5
1534272638960937603,144882,6,313,71,0
1534272638967344945,144888,6,6985,109,7
1534272638973222842,144894,6,7266,101,7
1534272638979308471,144901,7,291,121,5
1534272638985332013,144907,6,7026,6,1
1534272638991529935,144913,6,6778,109,4
1534272638997249024,144919,6,9833,32,4
1534272639003749147,144925,6,3595,150,6
1534272639009971380,144931,6,7508,111,10
1534272639015921695,144937,6,2391,89,3
1534272639022019739,144944,7,1984,184,10
1534272639028036153,144950,6,4713,135,5
1534272639034314215,144956,6,7401,175,5
1534272639040433078,144962,6,2629,135,6
1534272639046964013,144968,6,7512,182,0
1534272639052846896,144974,6,5922,197,9
1534272639058682647,144980,6,3621,45,2
1534272639064720193,144987,7,2954,188,6
1534272639070557491,144992,5,3914,94,7
1534272639076651288,144998,6,3000,109,10
1534272639082893453,145004,6,771,70,2
1534272639089193118,145010,6,3037,148,7
1534272639095358672,145016,6,6405,81,7
1534272639101140304,145022,6,918,160,6
1534272639107303541,145029,7,1153,121,6
1534272639113359167,145035,6,1249,10,5
1534272639119593965,145041,6,2799,181,2
1534272639125468290,145047,6,991,89,5
1534272639131550695,145053,6,6147,118,5
1534272639137677709,145059,6,6422,110,0
1534272639143770555,145065,6,5226,61,6
1534272639150084901,145072,7,9504,38,0
1534272639156112886,145078,6,1562,114,8
1534272639161941160,145084,6,219,180,3
1534272639168062646,145089,5,9678,75,3
1534272639174270411,145095,6,2129,103,3
1534272639180447606,145101,6,6641,97,4
1534272639186403731,145107,6,6205,111,2
1534272639192496372,145114,7,2359,69,3
1534272639198523228,145120,6,726,107,5
1534272639204518186,145126,6,3703,156,5
1534272639210797722,145132,6,4842,136,9
1534272639216840665,145138,6,810,151,7
1534272639223005621,145144,6,4488,50,7
1534272639228667828,145150,6,301,153,4
1534272639234866064,145157,7,7958,196,5
1534272639241505156,145163,6,8345,130,6
1534272639247218241,145169,6,5687,43,9
1534272639253540843,145175,6,5274,107,10
1534272639259489214,145181,6,5844,1,10
1534272639265598317,145187,6,985,109,0
1534272639271670864,145192,5,4248,141,8
1534272639277505053,145199,7,4755,72,5
1534272639283673147,145205,6,2404,59,7
1534272639289884417,145211,6,5019,141,2
1534272639295954737,145217,6,4346,87,5
1534272639302224151,145223,6,1827,124,0
1534272639308102456,145229,6,8631,11,8
1534272639314338153,145235,6,5539,71,1
1534272639320297559,145242,7,1536,118,6
1534272639326401397,145248,6,139,62,0
1534272639332675743,145254,6,4448,149,4
1534272639338361895,145260,6,1680,84,5
1534272639344649459,145266,6,3349,77,9
1534272639350986628,145272,6,9164,105,5
1534272639356877428,145278,6,8226,110,5
1534272639362975158,145285,7,1080,11,3
1534272639368936884,145290,5,9191,7,10
1534272639374957758,145296,6,1966,1,5
1534272639381073025,145302,6,3454,181,7
1534272639387288669,145308,6,6002,124,1
1534272639393290446,145314,6,4378,66,4
1534272639399479211,145320,6,7507,140,6
1534272639405845691,145327,7,6630,53,10
1534272639411788973,145333,6,7829,125,7
1534272639417537674,145339,6,3644,72,2
1534272639423729451,145345,6,5756,157,4
1534272639429834104,145351,6,5484,59,7
1534272639435911764,145357,6,7365,28,6
1534272639441837365,145363,6,834,167,4
1534272639448372023,145370,7,640,101,8
1534272639454256638,145376,6,5155,194,3
1534272639460073064,145382,6,2695,92,3
1534272639466428426,145387,5,4465,30,5
1534272639472266570,145393,6,1073,92,5
1534272639478073381,145399,6,3179,92,9
1534272639484302625,145405,6,879,41,8
1534272639490486486,145412,7,7060,112,4
1534272639496146117,145418,6,3080,45,9
1534272639502535160,145424,6,451,116,4
1534272639508645828,145430,6,9626,191,1
1534272639515019709,145436,6,5124,21,1
1534272639521009960,145442,6,6212,150,3
1534272639527100483,145448,6,6657,8,4
1534272639533154361,145455,7,3863,21,7
1534272639539299064,145461,6,3947,44,7
1534272639545539642,145466,5,5488,88,2
1534272639551480271,145472,6,5142,39,1
1534272639557474912,145478,6,6017,171,3
1534272639563251213,145484,6,4516,160,9
1534272639569408194,145490,6,5082,179,10
1534272639575519489,145497,7,4542,7,7
1534272639581697814,145503,6,4638,154,5
1534272639587405019,145509,6,2440,23,9
1534272639593602154,145515,6,9821,131,1
1534272639599960960,145521,6,4857,197,4
1534272639605863684,145527,6,4275,127,0
1534272639611991945,145533,6,160,33,9
1534272639618153734,145540,7,1601,177,0
1534272639624408442,145546,6,4584,160,6
1534272639630550575,145552,6,3800,23,4
1534272639636853651,145558,6,6678,104,8
1534272639642427586,145564,6,88,166,10
1534272639648839953,145569,5,6634,109,2
1534272639655101707,145575,6,4104,7,4
1534272639660747559,145582,7,1981,0,2
1534272639666796224,145588,6,9398,146,6
1534272639673043637,145594,6,9216,144,3
1534272639679018755,145600,6,1073,166,4
1534272639685279279,145606,6,4203,90,6
1534272639691249680,145612,6,3935,193,6
1534272639697436277,145618,6,8058,158,9
1534272639703412155,145625,7,7435,56,9
1534272639709528227,145631,6,984,49,6
1534272639715555022,145637,6,4993,90,6
1534272639721751051,145643,6,908,142,6
1534272639727813101,145649,6,2134,194,3
1534272639733977295,145655,6,6712,128,10
1534272639739747666,145661,6,3337,52,8
1534272639745913975,145667,6,6475,27,0
1534272639751898212,145673,6,2481,105,8
1534272639758139719,145679,6,8620,137,3
1534272639764466735,145685,6,5307,127,9
1534272639770484469,145691,6,2304,133,1
1534272639776243217,145697,6,7871,53,0
1534272639782732020,145703,6,2196,161,7
1534272639788549570,145710,7,2878,73,2
1534272639794755832,145716,6,3233,31,1
1534272639800936892,145722,6,4159,28,4
1534272639806832796,145728,6,2100,48,2
1534272639812561137,145734,6,5695,58,1
1534272639818591090,145740,6,5538,67,4
1534272639824964107,145746,6,7262,35,9
1534272639831181880,145753,7,9621,150,4
1534272639837369055,145759,6,4529,44,10
1534272639843172994,145764,5,1718,64,0
1534272639849499495,145770,6,9810,21,10
1534272639855284063,145776,6,4426,57,4
1534272639861129185,145782,6,6879,22,9
1534272639867675844,145788,6,8873,124,1
1534272639873764528,145795,7,862,45,7
1534272639879642682,145801,6,8886,161,1
1534272639885770928,145807,6,3944,125,0
1534272639891969161,145813,6,8762,7,0
1534272639897736455,145819,6,3031,6,4
1534272639903823470,145825,6,7264,184,5
1534272639910173465,145831,6,8061,86,4
1534272639916077292,145838,7,4115,19,2
1534272639922332501,145844,6,6780,102,4
1534272639928489589,145849,5,3982,127,3
1534272639934340593,145855,6,6249,21,8
1534272639940508540,145861,6,917,83,3
1534272639946878859,145867,6,465,105,8
1534272639953087172,145873,6,7997,131,7
1534272639958476315,145880,7,9200,64,8
1534272639965206903,145886,6,7876,163,10
1534272639970823794,145892,6,3926,72,6
1534272639976973078,145898,6,6608,37,6
1534272639983168665,145904,6,6742,40,8
1534272639988822191,145910,6,283,84,8
1534272639995110349,145916,6,9601,170,8
1534272640001093476,145923,7,7643,19,7
1534272640007250070,145929,6,730,199,0
1534272640012946988,145934,5,260,196,3
1534272640019442978,145940,6,5649,140,6
1534272640025454315,145946,6,8274,37,3
1534272640031680205,145952,6,4420,3,6
1534272640037399384,145958,6,1511,80,5
1534272640043656530,145965,7,6522,191,5
1534272640049930092,145971,6,6103,90,1
1534272640055719192,145977,6,9257,93,4
1534272640061631262,145983,6,7869,132,8
1534272640068079121,145989,6,4591,57,8
1534272640073913413,145995,6,2521,72,8
1534272640079876464,146001,6,667,28,7
1534272640085801951,146008,7,1355,64,5
1534272640092086057,146013,5,4889,195,0
1534272640097729660,146019,6,6447,63,9
1534272640104182956,146025,6,1139,111,5
1534272640110606161,146031,6,2901,154,4
1534272640116820080,146037,6,6681,22,10
1534272640122682296,146043,6,1677,24,3
1534272640128918743,146050,7,6898,92,1
1534272640135171756,146056,6,8166,152,8
1534272640140641914,146062,6,6389,199,1
1534272640147327730,146068,6,2235,101,7
1534272640153017565,146074,6,1885,120,8
1534272640159241037,146080,6,3231,118,3
1534272640165449219,146086,6,7617,128,9
1534272640171393528,146093,7,2902,2,0
1534272640177121924,146099,6,1558,180,2
1534272640183649422,146105,6,5642,87,10
1534272640189986371,146111,6,9772,138,3
1534272640195808588,146117,6,6809,1,0
1534272640201828807,146123,6,1946,144,6
1534272640208190881,146128,5,7370,19,0
1534272640213718224,146135,7,9070,52,9
1534272640220494793,146141,6,7958,130,5
1534272640226153238,146147,6,5590,80,8
1534272640232306049,146153,6,7280,92,7
1534272640238494269,146159,6,5611,181,7
1534272640244690586,146165,6,6748,91,1
1534272640250633535,146171,6,8225,130,5
1534272640256492227,146178,7,7439,3,8
1534272640262412150,146184,6,7054,142,10
1534272640268442701,146190,6,5946,56,4
1534272640274610508,146196,6,7204,72,1
1534272640280634808,146202,6,8179,22,1
1534272640286845995,146208,6,9974,163,2
1534272640292910224,146214,6,6479,12,10
1534272640299249672,146221,7,8969,185,0
1534272640305291745,146227,6,1206,6,2
1534272640311760938,146232,5,8358,128,4
1534272640317549197,146238,6,8145,128,2
1534272640323748576,146244,6,3880,200,3
1534272640329525783,146250,6,8342,133,7
1534272640335663736,146256,6,5072,31,2
1534272640341944146,146263,7,6168,195,0
1534272640348896693,146269,6,858,38,4
1534272640353765185,146275,6,8391,48,7
1534272640359940074,146281,6,2887,162,4
1534272640365631418,146287,6,3030,68,7
1534272640371874537,146293,6,9027,29,3
1534272640377809299,146299,6,5368,110,3
1534272640384125254,146306,7,1255,158,2
1534272640390323892,146312,6,8992,172,1
1534272640396759246,146318,6,1779,188,8
1534272640402507267,146324,6,362,120,0
1534272640408675764,146329,5,3021,48,4
1534272640414906971,146335,6,5749,128,7
1534272640421099838,146341,6,6464,117,0
1534272640427224919,146348,7,7727,110,5
1534272640433091513,146354,6,2828,55,3
1534272640439144075,146360,6,8175,160,0
1534272640445538580,146366,6,3502,5,0
1534272640451540668,146372,6,2557,51,1
1534272640457453356,146378,6,4855,109,9
1534272640462927081,146384,6,824,77,1
1534272640469323048,146391,7,3841,46,4
1534272640475335596,146397,6,5177,157,0
1534272640481503699,146403,6,8169,87,3
1534272640487756473,146409,6,2971,183,7
1534272640493638660,146415,6,566,160,8
1534272640499775020,146420,5,1855,192,4
1534272640506067431,146426,6,4564,12,1
1534272640512181345,146433,7,3457,173,8
1534272640518127604,146439,6,2190,43,4
1534272640524377146,146445,6,8797,125,2
1534272640530576085,146451,6,7886,156,10
1534272640536385442,146457,6,9084,34,2
1534272640542669029,146463,6,8655,139,2
1534272640548847214,146469,6,569,98,3
1534272640554894656,146476,7,3805,42,4
1534272640560894396,146482,6,2447,100,3
1534272640567134017,146488,6,4018,169,2
1534272640572842583,146494,6,5987,78,4
1534272640578925703,146500,6,8193,109,0
1534272640584897023,146506,6,2393,107,6
1534272640591153185,146512,6,8619,117,0
1534272640597506861,146519,7,3367,185,10
1534272640603780168,146525,6,3347,119,9
1534272640609892022,146531,6,9760,148,8
1534272640615759179,146537,6,2200,8,5
1534272640622186084,146542,5,5122,185,6
1534272640628388998,146548,6,9131,190,10
1534272640633975495,146554,6,218,96,8
1534272640640440711,146561,7,5423,4,7
1534272640646508419,146567,6,5056,129,6
1534272640652038947,146573,6,5528,71,2
1534272640658831318,146579,6,8379,151,10
1534272640665605517,146585,6,2931,160,7
1534272640670481667,146591,6,1713,185,3
1534272640676564970,146597,6,1483,107,6
1534272640682711854,146604,7,3244,148,9
1534272640688882333,146610,6,5799,46,3
1534272640694907944,146616,6,6953,163,4
1534272640701269756,146622,6,3894,160,7
1534272640707159833,146628,6,5506,12,4
1534272640713200331,146634,6,5515,47,3
1534272640719352180,146640,6,9568,152,2
1534272640725463528,146647,7,3397,161,5
1534272640731684765,146653,6,4139,140,7
1534272640737622504,146659,6,7676,76,3
1534272640743683380,146665,6,149,62,9
1534272640749856079,146670,5,8467,99,1
1534272640755848944,146676,6,544,68,3
1534272640761771612,146682,6,1056,19,0
1534272640767634561,146689,7,4610,135,5
1534272640773879899,146695,6,780,180,6
1534272640779923414,146701,6,9768,186,5
1534272640786236285,146707,6,2096,28,9
1534272640792609565,146713,6,2404,116,2
1534272640798604832,146719,6,5483,102,10
1534272640804684164,146725,6,4362,126,7
1534272640810554754,146732,7,4655,60,4
1534272640816724859,146738,6,1462,57,3
1534272640822831239,146744,6,8095,159,4
1534272640828938846,146750,6,5701,94,9
1534272640835228691,146756,6,1133,186,3
1534272640841286298,146761,5,5674,125,10
1534272640847310080,146768,7,7955,55,10
1534272640853749332,146774,6,4726,174,4
1534272640859862952,146780,6,8132,189,7
1534272640866094055,146786,6,7087,106,8
1534272640872003638,146792,6,3455,181,5
1534272640877930383,146798,6,2461,90,8
1534272640883922992,146804,6,6616,43,10
1534272640890178749,146810,6,676,190,1
1534272640896132121,146817,7,1763,144,3
1534272640902213294,146823,6,5505,30,0
1534272640908620745,146829,6,4780,104,7
1534272640914103271,146835,6,276,194,4
1534272640920685478,146841,6,1227,155,2
1534272640926503732,146847,6,3140,129,10
1534272640932681031,146853,6,5587,32,6
1534272640938956166,146860,7,7263,66,10
1534272640945232077,146866,6,545,168,3
1534272640951299713,146872,6,3669,197,4
1534272640957614671,146878,6,7165,147,2
1534272640963076488,146884,6,175,114,10
1534272640969128295,146890,6,6584,54,8
1534272640975544324,146896,6,279,158,0
1534272640981216798,146902,6,654,54,9
1534272640987614290,146908,6,6571,102,5
1534272640993321681,146914,6,980,155,6
1534272640999517112,146920,6,6857,162,1
1534272641006166780,146926,6,1396,148,0
1534272641012176715,146932,6,9006,17,6
1534272641018081615,146938,6,4839,104,4
1534272641023813329,146945,7,3968,38,5
1534272641029945399,146951,6,718,121,4
1534272641036221583,146957,6,9977,170,7
1534272641042196004,146963,6,5710,43,3
1534272641048396984,146969,6,2026,51,4
1534272641053987017,146975,6,4849,5,7
1534272641060219107,146981,6,330,46,9
1534272641066516458,146987,6,5576,147,9
1534272641072218924,146993,6,9999,126,2
1534272641078107205,146999,6,7497,27,0
1534272641084274249,147005,6,8145,103,3
1534272641090507630,147011,6,5669,118,4
1534272641096864435,147017,6,206,160,4
1534272641102948553,147023,6,1508,16,4
1534272641108765920,147030,7,3898,49,7
1534272641114968924,147036,6,942,83,2
1534272641121110264,147042,6,3841,89,7
1534272641127364339,147048,6,2149,119,4
1534272641133159326,147054,6,5051,173,2
1534272641139746799,147060,6,1450,162,3
1534272641145739108,147066,6,2191,200,4
1534272641151095721,147073,7,3568,33,2
1534272641157834842,147079,6,4807,194,5
1534272641164580641,147084,5,9694,66,10
1534272641169628819,147090,6,97,196,7
1534272641175421535,147096,6,6417,83,6
1534272641182158896,147102,6,8240,119,10
1534272641188291042,147108,6,2382,115,3
1534272641193985190,147115,7,6804,152,0
1534272641199953019,147121,6,2553,43,4
1534272641206254688,147127,6,6971,47,1
1534272641212658122,147133,6,942,154,2
1534272641218666384,147139,6,5204,150,5
1534272641224716944,147145,6,2122,174,8
1534272641230641724,147151,6,7632,92,4
1534272641236895425,147158,7,9107,161,9
1534272641242957950,147164,6,3807,172,8
1534272641249150674,147170,6,3714,72,1
1534272641255170815,147176,6,7643,94,3
1534272641260880914,147182,6,8869,43,3
1534272641266936029,147188,6,7709,99,2
1534272641273030395,147193,5,7347,96,1
1534272641279270018,147200,7,6265,61,4
1534272641285109276,147206,6,6973,58,6
1534272641291359659,147212,6,1413,200,3
1534272641297356929,147218,6,4979,51,6
1534272641303712832,147224,6,9994,42,3
1534272641309802139,147230,6,9390,66,10
1534272641316014335,147236,6,3629,24,10
1534272641321698773,147243,7,3501,68,1
1534272641327850375,147249,6,9735,96,0
1534272641334152760,147255,6,6971,27,2
1534272641340397748,147261,6,4399,73,1
1534272641346384090,147267,6,3061,174,0
1534272641352554456,147273,6,3694,185,6
1534272641358624557,147279,6,7772,120,4
1534272641364472829,147284,5,9682,132,10
1534272641370047087,147292,8,9967,96,6
1534272641376651719,147297,5,5726,200,0
1534272641382825785,147303,6,1378,68,3
1534272641389005535,147309,6,3367,57,1
1534272641395149478,147315,6,6189,172,8
1534272641400956019,147321,6,2196,9,3
1534272641407144849,147328,7,6528,89,1
1534272641413554853,147334,6,8864,120,5
1534272641419533316,147340,6,2612,41,10
1534272641425634107,147346,6,7694,183,3
1534272641431614528,147352,6,2051,165,0
1534272641437498793,147358,6,6790,3,6
1534272641443889276,147364,6,9302,82,10
1534272641449936920,147371,7,5972,12,5
1534272641455963943,147377,6,8808,141,6
1534272641461997878,147383,6,4233,54,9
1534272641467774395,147388,5,3242,74,9
1534272641473691133,147394,6,4382,174,7
1534272641479845466,147400,6,2703,39,2
1534272641486413285,147406,6,6489,185,10
1534272641492450572,147412,6,8937,58,3
1534272641499276428,147419,7,5131,19,5
1534272641504750601,147425,6,7042,135,5
1534272641510515554,147431,6,6272,66,4
1534272641516585636,147437,6,6991,91,6
1534272641522772158,147443,6,3302,47,6
1534272641529126176,147449,6,5438,136,3
1534272641534848035,147456,7,7103,96,7
1534272641541069144,147462,6,1107,141,4
1534272641547102876,147468,6,4079,79,9
1534272641553156148,147474,6,626,185,0
1534272641559514854,147480,6,3407,122,5
1534272641565511617,147486,6,5500,111,2
1534272641571122625,147491,5,2481,89,3
1534272641577571576,147497,6,4668,53,5
1534272641583571226,147504,7,6505,185,1
1534272641589562412,147510,6,8572,187,5
1534272641595698625,147516,6,7055,157,6
1534272641601908850,147522,6,1864,192,2
1534272641608154867,147528,6,1081,44,1
1534272641613877914,147534,6,2021,30,9
1534272641620093852,147540,6,2985,170,4
1534272641626305326,147547,7,664,68,10
1534272641632351229,147553,6,5394,57,5
1534272641638603411,147559,6,1454,180,4
1534272641644624113,147565,6,4636,170,0
1534272641650421865,147571,6,4999,125,7
1534272641657122115,147577,6,6010,102,3
1534272641662732938,147584,7,6025,144,7
1534272641668695118,147590,6,1644,120,4
1534272641674595847,147596,6,5394,43,1
1534272641681032390,147602,6,8326,185,5
1534272641686869833,147608,6,6912,3,5
1534272641693575823,147613,5,5741,170,1
1534272641699390980,147619,6,3039,50,2
1534272641705532992,147625,6,2866,178,9
1534272641711731128,147632,7,5646,94,1
1534272641717660451,147638,6,5169,98,8
1534272641723470781,147644,6,7977,46,3
1534272641729699154,147650,6,6865,70,7
1534272641735790750,147656,6,4757,52,9
1534272641742106867,147662,6,4937,61,8
1534272641747639966,147668,6,3424,73,3
1534272641753739042,147675,7,4505,11,9
1534272641760040014,147681,6,1688,18,4
1534272641766016988,147686,5,3913,42,2
1534272641771743994,147692,6,4051,5,0
1534272641777609488,147698,6,5955,137,6
1534272641783701619,147704,6,5100,3,9
1534272641789998537,147710,6,6265,175,3
1534272641796496073,147717,7,7564,88,1
1534272641802118401,147723,6,7129,20,3
1534272641808364895,147729,6,2379,56,8
1534272641814662510,147735,6,8397,12,0
1534272641820979092,147741,6,6566,87,6
1534272641826533771,147747,6,5112,69,3
1534272641832689690,147753,6,6389,119,9
1534272641838826184,147760,7,9529,82,0
1534272641844947146,147765,5,4419,2,0
1534272641850854552,147771,6,4268,88,2
1534272641856825392,147777,6,9964,23,9
1534272641863079455,147783,6,2137,36,3
1534272641868945614,147789,6,7630,18,0
1534272641875071835,147795,6,3416,82,0
1534272641881046525,147802,7,1692,92,7
1534272641887189407,147808,6,6256,91,1
1534272641893331754,147814,6,5367,39,9
1534272641899271055,147820,6,804,140,8
1534272641905394400,147826,6,3939,183,1
1534272641911560197,147832,6,4845,39,8
1534272641917668284,147837,5,1128,186,6
1534272641923933991,147844,7,5603,42,4
1534272641930086829,147850,6,9723,56,9
1534272641935835329,147856,6,3208,10,8
1534272641942225086,147862,6,4966,121,9
1534272641952157570,147868,6,1700,143,6
1534272641954216303,147874,6,7926,14,1
1534272641960474866,147880,6,1891,115,1
1534272641966459891,147887,7,4673,85,10
1534272641972482414,147893,6,9227,132,0
1534272641978438361,147899,6,6206,90,1
1534272641984549189,147905,6,6969,34,9
1534272641990848728,147911,6,4216,84,9
1534272641996861039,147917,6,6826,143,5
1534272642003107417,147923,6,5638,107,2
1534272642009145221,147930,7,4493,133,10
1534272642015507201,147936,6,9489,108,1
1534272642021373695,147942,6,8342,148,2
1534272642027285295,147948,6,2871,16,5
1534272642034677501,147953,5,7130,88,5
1534272642039553716,147959,6,3503,162,2
1534272642045795134,147965,6,2802,24,7
1534272642051929436,147972,7,6049,60,8
1534272642060861404,147978,6,487,63,8
1534272642064137230,147984,6,5080,58,8
1534272642069644554,147990,6,329,6,0
1534272642075285771,147996,6,6066,151,6
1534272642081942813,148002,6,9132,74,2
1534272642088140131,148008,6,2691,159,0
1534272642094118069,148015,7,3068,148,4
1534272642100421507,148021,6,5558,40,7
1534272642106189622,148027,6,6374,33,2
1534272642112468416,148032,5,9403,134,5
1534272642118416683,148038,6,2662,91,5
1534272642124683753,148044,6,4316,122,8
1534272642130672096,148050,6,9716,44,1
1534272642136898821,148057,7,5444,19,7
1534272642142633305,148063,6,6212,91,2
1534272642149079394,148069,6,9244,165,1
1534272642160385744,148075,6,9280,162,1
1534272642160901090,148081,6,2659,122,7
1534272642167294974,148087,6,2460,32,5
1534272642173295554,148093,6,8442,200,2
1534272642179041814,148100,7,2852,27,8
1534272642185307099,148106,6,6268,95,3
1534272642191506088,148112,6,3579,78,5
1534272642197730906,148118,6,6839,48,7
1534272642203791403,148124,6,4861,100,3
1534272642209714749,148130,6,8189,0,4
1534272642215778166,148135,5,2985,42,5
1534272642221915080,148142,7,3800,19,1
1534272642228023615,148148,6,9512,189,9
1534272642233918655,148154,6,222,197,3
1534272642240057638,148160,6,7771,0,8
1534272642247404048,148166,6,1870,190,3
1534272642252102913,148172,6,1528,148,6
1534272642258551380,148178,6,4248,149,5
1534272642264400028,148185,7,8514,62,4
1534272642270260342,148191,6,4533,195,0
1534272642275931525,148197,6,9273,90,0
1534272642282141773,148203,6,2199,98,3
1534272642288337868,148209,6,5768,91,0
1534272642294763974,148215,6,1479,52,8
1534272642300731853,148220,5,5799,97,5
1534272642306767943,148227,7,7575,92,1
1534272642312947717,148233,6,270,58,4
1534272642319157414,148239,6,3511,160,3
1534272642324925923,148245,6,828,78,4
1534272642331123819,148251,6,7294,138,5
1534272642337278521,148257,6,6476,35,4
1534272642343559513,148263,6,4986,122,9
1534272642349300355,148270,7,4429,137,2
1534272642355276857,148276,6,6253,51,4
1534272642361956835,148282,6,436,184,8
1534272642367610270,148288,6,4639,184,3
1534272642373461689,148294,6,6314,40,0
1534272642379591661,148300,6,732,174,1
1534272642385956224,148305,5,8013,184,0
1534272642392112069,148312,7,5850,157,2
1534272642397937564,148318,6,4396,90,5
1534272642404256020,148324,6,5587,103,9
1534272642410135194,148330,6,4718,193,2
1534272642416557436,148336,6,9944,142,10
1534272642422648771,148342,6,8577,126,6
1534272642428779477,148348,6,8532,196,2
1534272642434861956,148355,7,9541,155,3
1534272642441058438,148361,6,1339,152,3
1534272642446841568,148367,6,8952,115,6
1534272642452663491,148373,6,6459,41,5
1534272642459260207,148379,6,5770,178,5
1534272642465069013,148385,6,8629,161,0
1534272642471340396,148391,6,1176,25,8
1534272642477389162,148398,7,4549,8,2
1534272642483333016,148404,6,7175,95,3
1534272642489421665,148410,6,8484,104,0
1534272642495680956,148416,6,5576,161,5
1534272642501959783,148422,6,2137,144,2
1534272642508018884,148428,6,319,146,6
1534272642514123025,148433,5,8085,186,0
1534272642520216098,148440,7,6480,55,0
1534272642525966937,148446,6,9563,57,4
1534272642532151906,148452,6,4900,133,0
1534272642540353781,148458,6,7818,129,6
1534272642544558423,148464,6,9628,78,7
1534272642550588192,148470,6,3991,74,0
1534272642556985383,148476,6,5481,136,3
1534272642562362218,148483,7,9384,49,0
1534272642568606698,148489,6,9751,145,6
1534272642574776031,148495,6,7634,142,3
1534272642581038765,148501,6,5803,94,8
1534272642587077133,148507,6,9777,18,7
1534272642592907917,148513,6,3398,64,0
1534272642599068416,148519,6,961,14,4
1534272642605129495,148525,6,2589,56,8
1534272642611255661,148531,6,1124,151,6
1534272642617803572,148537,6,1959,76,7
1534272642623263797,148543,6,7363,82,0
1534272642629311871,148549,6,3076,89,9
1534272642635763670,148555,6,1714,76,5
1534272642644610845,148561,6,7059,1,2
1534272642647335196,148568,7,6421,69,2
1534272642653842079,148574,6,4561,71,5
1534272642659797728,148580,6,6223,74,5
1534272642665599212,148586,6,8938,50,0
1534272642671750897,148592,6,5094,35,7
1534272642677939297,148597,5,1674,48,10
1534272642684101377,148603,6,8197,104,3
1534272642690186297,148610,7,5822,155,0
1534272642696342920,148616,6,8825,137,1
1534272642702592583,148622,6,7888,76,7
1534272642708242364,148628,6,1974,98,5
1534272642714484296,148634,6,5778,80,10
1534272642720625684,148640,6,2494,7,9
1534272642726771365,148646,6,5382,34,10
1534272642732902252,148653,7,3406,102,4
1534272642738956141,148659,6,4366,69,1
1534272642744713822,148665,6,4004,1,6
1534272642750790042,148671,6,9501,82,5
1534272642757265532,148677,6,1749,78,8
1534272642762858335,148683,6,8777,95,6
1534272642769141631,148689,6,3044,145,4
1534272642775245262,148696,7,1605,94,7
1534272642781458667,148701,5,2336,167,4
1534272642787321081,148707,6,4601,185,4
1534272642793417809,148713,6,767,14,7
1534272642799406313,148719,6,680,80,5
1534272642805490571,148725,6,3207,8,5
1534272642811386834,148731,6,3092,12,8
1534272642817557727,148738,7,2371,87,4
1534272642823589007,148744,6,2048,92,6
1534272642829822471,148750,6,1005,60,3
1534272642835874863,148756,6,9897,106,2
1534272642841707164,148762,6,1880,78,4
1534272642848243462,148768,6,5614,182,1
1534272642854069555,148773,5,797,197,2
1534272642860250762,148780,7,7097,168,10
1534272642865801851,148786,6,7932,197,8
1534272642872326436,148792,6,5914,40,10
1534272642878277335,148798,6,2408,32,2
1534272642884679938,148804,6,6507,52,2
1534272642890588566,148810,6,5886,19,1
1534272642896626203,148816,6,9278,72,8
1534272642903143677,148823,7,8523,31,5
1534272642909124788,148829,6,4679,125,8
1534272642915204435,148835,6,8006,191,8
1534272642920929224,148841,6,5339,22,3
1534272642927088339,148847,6,1264,62,9
1534272642933158105,148853,6,9153,79,8
1534272642939166915,148859,6,576,95,3
1534272642945072486,148865,6,173,157,0
1534272642951279192,148871,6,4842,135,9
1534272642957215238,148877,6,7111,36,7
1534272642963145670,148883,6,8328,141,4
1534272642969554524,148889,6,6057,39,10
1534272642975143396,148895,6,1087,19,0
1534272642981305054,148901,6,1133,96,9
1534272642987688342,148908,7,7114,151,8
1534272642993837137,148914,6,4473,74,8
1534272643000396219,148920,6,6226,91,4
1534272643005768548,148926,6,3011,53,2
1534272643011996647,148932,6,824,128,10
1534272643018136125,148938,6,5792,163,4
1534272643024634116,148944,6,5685,73,5
1534272643030534065,148951,7,9734,31,5
1534272643036695168,148957,6,9298,93,3
1534272643042441273,148962,5,9124,93,5
1534272643049177718,148968,6,8201,156,4
1534272643054715242,148974,6,9619,45,10
1534272643060906368,148980,6,6178,21,1
1534272643066946606,148986,6,8608,147,2
1534272643072991208,148993,7,1866,128,10
1534272643079300937,148999,6,2736,16,2
1534272643085060655,149005,6,2959,43,9
1534272643091169757,149011,6,8228,134,3
1534272643097395173,149017,6,8600,29,1
1534272643103476900,149023,6,4459,32,7
1534272643109610376,149029,6,4867,33,7
1534272643115491143,149036,7,5042,92,0
1534272643121526013,149042,6,7473,112,2
1534272643127645227,149048,6,2461,56,4
1534272643133858679,149054,6,9292,13,8
1534272643140402157,149059,5,1736,83,8
1534272643146679309,149065,6,10000,169,4
1534272643152490301,149071,6,1243,181,4
1534272643158026368,149078,7,3244,12,1
1534272643164300761,149084,6,5318,93,6
1534272643170483124,149090,6,4560,179,10
1534272643176495264,149096,6,7198,167,9
1534272643182350710,149102,6,2653,168,1
1534272643188613624,149108,6,4324,72,3
1534272643194883170,149114,6,7486,143,9
1534272643200743104,149121,7,9124,0,10
1534272643206858040,149127,6,5364,49,6
1534272643213118169,149133,6,1149,108,7
1534272643219227315,149139,6,4149,17,8
1534272643225374106,149145,6,9684,172,4
1534272643231542052,149151,6,4305,147,1
1534272643237433309,149157,6,8198,52,9
1534272643243848025,149164,7,1922,152,10
1534272643249852332,149170,6,4142,79,10
1534272643255638404,149176,6,8195,65,7
1534272643261540306,149182,6,7600,9,3
1534272643267486452,149187,5,3160,53,8
1534272643273784544,149193,6,5713,193,10
1534272643279715127,149199,6,4117,21,5
1534272643286090864,149206,7,6398,65,2
1534272643292038585,149212,6,9685,197,0
1534272643298446234,149218,6,2681,65,6
1534272643304124908,149224,6,8164,60,6
1534272643310367668,149230,6,6420,169,9
1534272643316521268,149236,6,4464,29,1
1534272643322799210,149242,6,6887,62,8
1534272643328914544,149249,7,5158,134,0
1534272643334941473,149255,6,9395,107,3
1534272643341135226,149261,6,6737,111,4
1534272643348177371,149267,6,2590,188,8
1534272643353051639,149273,6,7335,176,5
1534272643359207016,149279,6,4022,4,5
1534272643365368875,149284,5,8498,23,7
1534272643371423358,149291,7,5531,174,9
1534272643377036943,149297,6,9513,14,4
1534272643383468283,149303,6,7200,11,0
1534272643389439192,149309,6,6167,20,5
1534272643396033843,149315,6,3282,26,4
1534272643401805926,149321,6,1164,179,0
1534272643407678544,149327,6,692,139,8
1534272643413780684,149334,7,9950,125,0
1534272643419853029,149340,6,9203,59,0
1534272643426012198,149346,6,9702,66,0
1534272643432233575,149352,6,5535,166,8
1534272643438473512,149358,6,8668,198,4
1534272643444622411,149364,6,3219,115,5
1534272643450277009,149370,6,6608,4,0
1534272643456439866,149376,6,9287,64,8
1534272643462758978,149382,6,3629,119,4
1534272643468673718,149388,6,961,34,2
1534272643474765140,149394,6,469,88,9
1534272643480920589,149400,6,9003,80,7
1534272643486671444,149406,6,5880,51,6
1534272643492821684,149412,6,3555,136,5
1534272643499487161,149419,7,7844,39,10
1534272643504939233,149425,6,315,163,1
1534272643511142495,149431,6,1690,53,9
1534272643517178108,149437,6,2270,169,4
1534272643523291748,149443,6,5919,100,4
1534272643529501769,149449,6,6153,73,5
1534272643536040893,149455,6,2437,137,4
1534272643541495882,149462,7,3227,164,9
1534272643548605189,149468,6,1961,114,3
1534272643553930991,149473,5,6163,52,9
1534272643559953320,149479,6,1247,38,1
1534272643565599395,149485,6,3504,147,1
1534272643572136568,149491,6,8032,155,2
1534272643577889563,149497,6,8526,64,3
1534272643584418480,149504,7,9169,101,10
1534272643590162157,149510,6,5257,12,9
1534272643596547165,149516,6,3819,176,3
1534272643602587982,149522,6,9834,156,4
1534272643608572360,149528,6,2885,177,1
1534272643615079019,149534,6,4431,55,7
1534272643620505218,149540,6,633,91,7
1534272643626705366,149547,7,6377,84,1
1534272643633074148,149553,6,5050,31,9
1534272643639075120,149559,6,9307,40,10
1534272643645363208,149565,6,5532,55,3
1534272643651454731,149571,6,7974,109,8
1534272643657305551,149576,5,7197,190,0
1534272643663235656,149582,6,2725,132,2
1534272643669410318,149588,6,3056,32,5
1534272643675624555,149595,7,9664,54,6
1534272643681444498,149601,6,8723,56,3
1534272643687944611,149607,6,6291,149,3
1534272643694003444,149613,6,2354,162,5
1534272643699763812,149619,6,4274,90,5
1534272643705914171,149625,6,7449,63,10
1534272643712076180,149632,7,2498,149,7
1534272643718211835,149638,6,2611,98,7
1534272643724375173,149644,6,2169,192,8
1534272643730114950,149650,6,9241,16,0
1534272643736375765,149656,6,3719,59,8
1534272643742927442,149662,6,8647,141,7
1534272643748941625,149668,6,2313,102,9
1534272643755052923,149675,7,5677,57,6
1534272643760957748,149681,6,2974,20,2
1534272643767026008,149686,5,7079,128,4
1534272643772948819,149692,6,7825,62,4
1534272643778873741,149698,6,1337,4,6
1534272643785158609,149704,6,7353,89,7
1534272643791187960,149710,6,9587,173,8
1534272643797383734,149716,6,1949,163,5
1534272643803224692,149723,7,3192,16,3
1534272643809381399,149729,6,1685,4,2
1534272643815752340,149735,6,8494,167,0
1534272643821791123,149741,6,7014,43,4
1534272643827670724,149747,6,5791,158,4
1534272643833938417,149753,6,6353,155,0
1534272643839770209,149760,7,5661,64,1
1534272643845940069,149766,6,2399,112,7
1534272643851987715,149772,6,4617,54,6
1534272643858227837,149778,6,2003,153,8
1534272643864090451,149784,6,6933,140,0
1534272643869972395,149789,5,8387,15,9
1534272643876502914,149795,6,8882,150,9
1534272643882492237,149801,6,1283,124,6
1534272643888384668,149808,7,7499,74,7
1534272643894668270,149814,6,261,172,9
1534272643900910565,149820,6,4157,165,0
1534272643906733073,149826,6,9501,65,5
1534272643912680434,149832,6,1947,163,5
1534272643918766544,149838,6,5707,169,0
1534272643924945045,149844,6,727,65,4
1534272643931245094,149851,7,4682,109,7
1534272643937294255,149857,6,936,41,10
1534272643943679075,149863,6,2943,179,3
1534272643948987339,149869,6,6671,124,8
1534272643955659994,149875,6,940,99,1
1534272643962465981,149881,6,7617,38,1
1534272643967704601,149886,5,9035,97,4
1534272643973583727,149893,7,7762,171,0
1534272643979841375,149899,6,5567,116,8
1534272643985870867,149905,6,8264,172,5
1534272643991968263,149911,6,7776,38,8
1534272643998234916,149917,6,1172,65,6
1534272644004040664,149923,6,8762,86,1
1534272644010326207,149929,6,2988,109,6
1534272644016126681,149936,7,1348,32,10
1534272644022445891,149942,6,521,96,1
1534272644028393126,149948,6,2346,54,5
1534272644034369694,149954,6,214,94,4
1534272644040482032,149960,6,2890,28,2
1534272644046705490,149966,6,1671,79,7
1534272644052684320,149971,5,7355,25,0
1534272644059351746,149978,7,1620,130,7
1534272644064672861,149984,6,3952,44,6
1534272644070942481,149990,6,1361,120,8
1534272644076868849,149996,6,3000,156,0
1534272644082938731,150002,6,1387,151,10
1534272644089357474,150008,6,5199,31,1
1534272644095350513,150014,6,6004,185,10
1534272644101534307,150021,7,6845,85,1
1534272644107704061,150027,6,1207,132,5
1534272644113390310,150033,6,7146,91,3
1534272644119699317,150039,6,5264,158,4
1534272644125799306,150045,6,2974,0,2
1534272644132006573,150051,6,4031,31,6
1534272644138123368,150057,6,1128,152,7
1534272644144266798,150064,7,4674,108,3
1534272644150808427,150070,6,2701,113,1
1534272644156431091,150076,6,3872,162,2
1534272644162767132,150082,6,3491,55,4
1534272644168248612,150087,5,6367,10,3
1534272644174518524,150093,6,6492,47,9
1534272644180360587,150099,6,571,135,5
1534272644186527345,150106,7,1547,91,5
1534272644192645042,150112,6,7066,197,7
1534272644198703066,150118,6,1926,80,6
1534272644205127936,150124,6,8052,76,1
1534272644210878130,150130,6,9684,35,1
1534272644216886666,150136,6,1351,156,3
1534272644223338451,150142,6,8913,6,6
1534272644229226855,150149,7,3357,69,10
1534272644235387575,150155,6,9173,179,5
1534272644241410027,150161,6,465,6,2
1534272644247213572,150166,5,9076,166,6
1534272644253417957,150172,6,6435,67,10
1534272644259738978,150178,6,6608,186,2
1534272644265618088,150184,6,5223,183,10
1534272644272012178,150191,7,6150,157,0
1534272644278037779,150197,6,9026,143,9
1534272644284146977,150203,6,9552,184,2
1534272644289886807,150209,6,4965,9,5
1534272644295886276,150215,6,6279,77,0
1534272644302046334,150221,6,7810,85,5
1534272644308312096,150227,6,2422,50,10
1534272644314575976,150234,7,4122,34,8
1534272644320596310,150240,6,7782,159,3
1534272644326528256,150246,6,4759,5,4
1534272644332645649,150252,6,1119,130,1
1534272644338789720,150258,6,892,125,0
1534272644344690770,150264,6,580,9,4
1534272644350699109,150269,5,7676,115,7
1534272644356798948,150276,7,1357,184,7
1534272644362596419,150282,6,4145,67,6
1534272644368774555,150288,6,1416,96,8
1534272644375184912,150294,6,2423,78,2
1534272644380863657,150300,6,3251,76,6
1534272644387101904,150306,6,307,21,0
1534272644393305520,150312,6,4205,30,9
1534272644399448011,150319,7,7454,134,5
1534272644405224329,150325,6,5341,16,3
1534272644411555153,150331,6,3241,13,10
1534272644417568695,150337,6,8620,37,1
1534272644423782350,150343,6,7499,68,9
1534272644429892773,150349,6,8104,47,7
1534272644435907754,150355,6,5813,107,8
1534272644442251536,150361,6,1980,185,7
1534272644448417467,150367,6,4782,84,0
1534272644453910724,150373,6,1110,92,7
1534272644461895156,150379,6,3400,81,5
1534272644465951647,150385,6,25,46,2
1534272644472001398,150391,6,453,32,4
1534272644478352059,150397,6,4101,142,3
1534272644484711535,150404,7,7911,128,2
1534272644490205456,150410,6,9557,35,2
1534272644496436703,150416,6,3755,143,3
1534272644502623379,150422,6,7211,7,4
1534272644508361839,150428,6,7965,3,0
1534272644515069491,150433,5,1052,194,2
1534272644520975452,150439,6,4855,146,8
1534272644526926296,150446,7,9373,103,0
1534272644533050514,150452,6,7393,31,7
1534272644539529399,150458,6,4398,93,5
1534272644545571860,150464,6,9110,23,6
1534272644551647328,150470,6,2372,25,10
1534272644557000047,150476,6,8107,50,2
1534272644563220122,150482,6,9690,77,6
1534272644569445273,150489,7,2681,127,2
1534272644575634603,150495,6,4609,106,10
1534272644581813351,150501,6,1048,108,10
1534272644587404105,150507,6,85,12,6
1534272644593940005,150513,6,3441,109,8
1534272644599723093,150519,6,3765,154,4
1534272644605961348,150525,6,6385,20,10
1534272644611934970,150532,7,8842,37,5
1534272644618333776,150538,6,7234,7,3
1534272644624197933,150543,5,278,163,8
1534272644630338145,150549,6,4227,90,1
1534272644636463182,150555,6,2898,193,2
1534272644642534004,150561,6,3319,74,8
1534272644648565773,150567,6,1924,29,10
1534272644654850171,150574,7,1591,41,10
1534272644660973978,150580,6,5110,147,9
1534272644667089642,150586,6,9752,110,8
1534272644672909134,150592,6,7596,1,3
1534272644679060352,150598,6,8668,93,1
1534272644685096696,150604,6,6805,74,9
1534272644691356706,150610,6,8684,174,4
1534272644697106230,150617,7,1665,81,8
1534272644703264017,150623,6,6731,10,6
1534272644709429371,150629,6,1951,151,6
1534272644715539220,150635,6,1723,34,2
1534272644721440234,150640,5,6504,71,1
1534272644727532942,150646,6,9251,107,1
1534272644733844509,150652,6,1946,93,3
1534272644739856199,150659,7,1637,185,1
1534272644746176876,150665,6,4118,38,4
1534272644752182190,150671,6,1040,195,5
1534272644757757662,150677,6,1061,80,7
1534272644764054429,150683,6,5054,102,8
1534272644769889050,150689,6,4094,162,5
1534272644776297386,150695,6,3531,178,0
1534272644782516348,150702,7,3995,79,2
1534272644788602549,150708,6,3619,183,7
1534272644794712910,150714,6,1887,122,9
1534272644800911160,150720,6,3932,109,4
1534272644807010501,150726,6,9209,131,4
1534272644813124405,150732,6,7992,160,3
1534272644819427161,150738,6,2430,168,8
1534272644825166924,150745,7,349,141,9
1534272644831376721,150751,6,5989,194,7
1534272644837511962,150757,6,2529,4,8
1534272644848219389,150762,5,7393,19,8
1534272644849865492,150768,6,3087,153,9
1534272644855095262,150774,6,3367,94,10
1534272644861401903,150780,6,4153,71,9
1534272644867718331,150787,7,1339,132,7
1534272644873790565,150793,6,1466,148,8
1534272644880061597,150799,6,2853,51,9
1534272644886175414,150805,6,6482,169,10
1534272644892048687,150811,6,6455,52,1
1534272644898141395,150817,6,7101,32,10
1534272644904281401,150823,6,468,99,0
1534272644910139902,150830,7,8302,4,2
1534272644916750339,150836,6,7888,16,10
1534272644922492203,150842,6,4398,102,8
1534272644928473072,150848,6,7228,9,4
1534272644934739293,150853,5,2561,109,1
1534272644940803769,150859,6,4793,165,6
1534272644946903528,150865,6,3508,125,8
1534272644953137707,150872,7,2580,162,9
1534272644958895332,150878,6,1747,22,5
1534272644964723707,150884,6,6270,101,5
1534272644970990834,150890,6,2011,155,7
1534272644977145697,150896,6,3608,79,5
1534272644983447108,150902,6,1653,54,7
1534272644989729583,150908,6,2901,197,9
1534272644995749672,150915,7,6981,175,10
1534272645001482528,150921,6,4448,93,5
1534272645007752157,150927,6,4734,78,0
1534272645014013407,150933,6,1248,89,0
1534272645020195449,150939,6,9237,43,0
1534272645026240835,150945,6,8217,112,10
1534272645032639467,150951,6,1258,179,10
1534272645038580416,150958,7,1339,106,0
1534272645044384157,150964,6,348,143,5
1534272645050499358,150970,6,6631,64,6
1534272645056573172,150975,5,6121,64,2
1534272645062796558,150981,6,2017,120,3
1534272645069054473,150987,6,7737,54,5
1534272645074567614,150993,6,5620,28,4
1534272645080396547,151000,7,93,139,1
1534272645086509014,151006,6,2635,108,2
1534272645092783979,151012,6,4198,188,9
1534272645099377565,151018,6,9618,14,9
1534272645105428688,151024,6,7678,159,9
1534272645111532265,151030,6,2798,190,6
1534272645117602067,151036,6,2477,170,4
1534272645123616835,151043,7,4817,46,3
1534272645129521039,151049,6,1807,16,9
1534272645135704271,151055,6,8182,16,7
1534272645141868329,151061,6,3464,190,4
1534272645147949106,151067,6,4357,30,7
1534272645154113658,151072,5,4979,40,0
1534272645160464852,151078,6,5180,57,9
1534272645165788375,151085,7,8488,178,6
1534272645171786947,151091,6,7766,145,6
1534272645177743470,151097,6,2478,42,2
1534272645183815771,151103,6,2208,19,8
1534272645190067350,151109,6,9823,112,6
1534272645196259009,151115,6,2966,135,9
1534272645202476567,151121,6,6636,29,1
1534272645208581938,151128,7,7978,38,5
1534272645214938055,151134,6,7315,140,7
1534272645220844701,151140,6,6017,71,5
1534272645226763470,151146,6,8287,190,1
1534272645233107618,151152,6,6986,108,1
1534272645239190651,151158,6,9361,185,0
1534272645245346135,151164,6,7387,88,5
1534272645251173000,151171,7,516,2,8
1534272645257524887,151176,5,9748,189,7
1534272645263421938,151182,6,7591,56,5
1534272645269624144,151188,6,2676,68,2
1534272645275626125,151194,6,3341,197,8
1534272645281919131,151200,6,7901,198,5
1534272645287524835,151206,6,1947,0,6
1534272645293853607,151213,7,7439,36,6
1534272645300249421,151219,6,3767,129,6
1534272645305924906,151225,6,7206,166,9
1534272645311925229,151231,6,9986,66,0
1534272645318033207,151237,6,3736,161,4
1534272645324180282,151243,6,2348,90,3
1534272645330237050,151249,6,8164,156,5
1534272645336485062,151256,7,5643,102,7
1534272645342833935,151262,6,648,24,1
1534272645349222567,151267,5,5840,176,1
1534272645355237572,151273,6,6447,78,10
1534272645360330483,151279,6,1089,165,3
1534272645366668589,151285,6,1970,73,3
1534272645372892869,151291,6,4745,166,8
1534272645379166347,151298,7,7486,162,5
1534272645385262951,151304,6,3916,113,9
1534272645391387750,151310,6,6911,134,8
1534272645397559359,151316,6,4526,182,0
1534272645403285286,151322,6,6145,9,2
1534272645409371874,151328,6,3956,96,5
1534272645416101760,151334,6,3704,122,2
1534272645421326044,151341,7,91,18,4
1534272645427642271,151347,6,3824,155,1
1534272645433746881,151353,6,6930,126,8
1534272645439865369,151359,6,4820,124,0
1534272645446213607,151365,6,7181,16,7
1534272645452073673,151371,6,1081,121,1
1534272645458427521,151377,6,5211,58,1
1534272645464283504,151383,6,747,105,4
1534272645470164030,151389,6,4929,82,7
1534272645476455509,151395,6,7477,10,0
1534272645482491753,151401,6,6302,47,7
1534272645488545765,151407,6,6804,171,5
1534272645494822718,151413,6,3512,112,3
1534272645500558325,151419,6,8466,73,3
1534272645506653171,151426,7,9492,76,4
1534272645512984674,151432,6,2527,139,0
1534272645519058605,151438,6,2037,71,8
1534272645525270814,151444,6,4344,149,7
1534272645531070533,151450,6,6337,49,9
1534272645537055258,151456,6,5626,135,8
1534272645543652580,151462,6,4465,158,10
1534272645549635534,151469,7,1893,54,0
1534272645555747436,151475,6,9067,182,6
1534272645561727250,151481,6,6875,119,10
1534272645567846003,151487,6,9776,97,6
1534272645573813286,151492,5,923,140,5
1534272645579687181,151498,6,870,173,6
1534272645585881115,151504,6,8554,106,6
1534272645592133743,151511,7,3521,149,5
1534272645598351122,151517,6,1593,132,5
1534272645604410920,151523,6,3824,29,1
1534272645610162698,151529,6,70,168,3
1534272645616730255,151535,6,7130,151,1
1534272645622652448,151541,6,660,158,9
1534272645628619812,151547,6,6142,197,6
1534272645634727138,151554,7,5607,119,5
1534272645640961378,151560,6,2431,39,8
1534272645647408690,151566,6,7344,140,3
1534272645652602602,151572,6,1272,54,0
1534272645658511696,151578,6,9218,145,6
1534272645664955138,151584,6,3850,67,1
1534272645670764735,151590,6,7192,102,9
1534272645676839295,151596,6,9127,13,10
1534272645683137069,151602,6,6568,174,4
1534272645689232606,151608,6,2137,177,2
1534272645695253419,151614,6,548,129,8
1534272645701041686,151620,6,168,110,9
1534272645707343133,151626,6,3749,22,4
1534272645713927817,151632,6,6512,180,9
1534272645720016975,151639,7,9386,43,0
1534272645725626923,151645,6,861,17,1
1534272645731795523,151651,6,3417,171,0
1534272645738026418,151657,6,821,34,6
1534272645743980651,151663,6,961,11,4
1534272645749880549,151669,6,1135,69,2
1534272645755778683,151675,6,9630,13,7
1534272645761823767,151681,6,9938,7,8
1534272645768343560,151687,6,3650,170,7
1534272645774265764,151693,6,68,52,3
1534272645780797018,151699,6,1384,131,1
1534272645786977268,151705,6,3236,135,9
1534272645793208627,151711,6,9322,46,2
1534272645798683572,151717,6,8171,73,0
1534272645805415754,151724,7,5323,186,4
1534272645811336718,151730,6,5353,195,4
1534272645817256588,151736,6,5745,108,6
1534272645823092615,151742,6,2419,35,2
1534272645829204190,151748,6,7424,178,4
1534272645835389320,151754,6,1121,59,2
1534272645846896453,151760,6,729,140,6
1534272645850334152,151767,7,6114,188,3
1534272645853467412,151773,6,675,89,7
1534272645859522096,151778,5,1810,164,7
1534272645865314219,151784,6,2764,86,2
1534272645871136367,151790,6,2217,59,6
1534272645877361763,151796,6,8335,70,3
1534272645883263583,151802,6,6339,35,4
1534272645889585399,151809,7,8836,101,3
1534272645896110646,151815,6,9172,187,6
1534272645902347998,151821,6,7914,166,5
1534272645908385004,151827,6,8348,100,7
1534272645914547192,151833,6,9564,166,7
1534272645920576997,151839,6,5574,190,6
1534272645926769336,151845,6,9527,170,5
1534272645932833247,151852,7,9089,6,8
1534272645938776289,151858,6,7727,69,5
1534272645945192785,151864,6,5317,122,10
1534272645951266225,151870,6,454,101,8
1534272645957168783,151876,6,4479,127,10
1534272645963349643,151882,6,9964,132,7
1534272645969568578,151888,6,9807,123,2
1534272645975416514,151894,6,3159,179,10
1534272645981840131,151900,6,1320,24,10
1534272645987369111,151906,6,1302,146,7
1534272645993758034,151912,6,96,162,0
1534272646000033320,151918,6,1396,129,9
1534272646005911183,151924,6,2356,139,5
1534272646012334485,151930,6,7154,172,4
1534272646018135631,151937,7,4663,45,1
1534272646024216980,151943,6,143,46,8
1534272646030260757,151949,6,4518,14,5
1534272646036293751,151955,6,167,65,9
1534272646042208346,151961,6,7887,134,6
1534272646048566110,151967,6,6948,47,10
1534272646054686145,151973,6,8291,188,8
1534272646060619804,151980,7,7712,169,3
1534272646066977237,151986,6,6067,32,7
1534272646072822835,151992,6,6566,146,3
1534272646079005403,151998,6,3209,32,6
1534272646085063551,152003,5,6411,49,2
1534272646091061901,152009,6,2456,199,0
1534272646097129490,152015,6,144,179,2
1534272646103088076,152022,7,7565,116,10
1534272646109500248,152028,6,9230,147,3
1534272646115721117,152034,6,8067,174,7
1534272646121773836,152040,6,5365,102,10
1534272646127857760,152046,6,1582,134,7
1534272646134054574,152052,6,4092,33,7
1534272646139731014,152058,6,3922,38,3
1534272646146387971,152065,7,4275,162,9
1534272646152163480,152071,6,2868,156,10
1534272646158328423,152077,6,3559,111,7
1534272646164531077,152083,6,8390,9,0
1534272646170399351,152089,6,7782,130,0
1534272646176243552,152095,6,9429,33,2
1534272646182483445,152101,6,6556,42,1
1534272646188583352,152108,7,9327,125,1
1534272646194696037,152114,6,4984,171,6
1534272646200913154,152120,6,5188,138,7
1534272646206855827,152126,6,668,85,3
1534272646212984757,152131,5,1968,85,4
1534272646219067335,152137,6,3528,46,3
1534272646225243768,152143,6,8503,126,5
1534272646231406395,152150,7,9225,6,2
1534272646237174711,152156,6,6290,86,0
1534272646243584749,152162,6,5186,121,0
1534272646254398160,152168,6,2216,200,2
1534272646255386433,152174,6,2853,174,2
1534272646261675834,152180,6,5332,67,8
1534272646267831844,152186,6,3065,140,5
1534272646273868336,152193,7,2667,61,8
1534272646279617642,152199,6,6062,62,1
1534272646285914127,152205,6,7753,137,3
1534272646291993491,152211,6,9141,109,10
1534272646298588181,152217,6,7626,123,10
1534272646304363209,152223,6,5157,16,6
1534272646310558594,152229,6,6040,141,10
1534272646316635879,152236,7,1799,5,6
1534272646322868072,152241,5,1254,114,0
1534272646329011818,152247,6,5110,194,2
1534272646334804741,152253,6,774,103,3
1534272646341280538,152259,6,7804,38,1
1534272646347024648,152265,6,4769,5,9
1534272646353176908,152271,6,8694,131,8
1534272646359183427,152278,7,4398,84,4
1534272646366398455,152284,6,8725,195,7
1534272646371240123,152290,6,8471,129,1
1534272646377429187,152296,6,2967,13,5
1534272646383632972,152302,6,3584,14,9
1534272646389864080,152308,6,9557,70,6
1534272646395514360,152314,6,3091,78,5
1534272646401678439,152321,7,3572,135,8
1534272646407764010,152327,6,1289,188,2
1534272646413943327,152333,6,5055,89,9
1534272646420031765,152338,5,7343,80,4
1534272646425921222,152344,6,9762,49,5
1534272646432119843,152350,6,6799,145,8
1534272646438258314,152356,6,4450,108,0
1534272646444831120,152363,7,9948,190,10
1534272646450806340,152369,6,3551,50,5
1534272646456604752,152375,6,6143,126,10
1534272646463122263,152381,6,9336,25,2
1534272646468948053,152387,6,8731,24,9
1534272646474681139,152393,6,4365,85,3
1534272646480897511,152399,6,5229,144,7
1534272646486923518,152406,7,1077,177,3
1534272646493037165,152412,6,1897,34,4
1534272646499337659,152418,6,8922,22,8
1534272646505511717,152424,6,4554,12,1
1534272646511479799,152430,6,3534,167,6
1534272646517332675,152436,6,9125,129,2
1534272646523462600,152442,6,1103,54,8
1534272646529860145,152448,6,9928,146,2
1534272646535832214,152454,6,9037,155,8
1534272646542328656,152460,6,7000,95,3
1534272646548294647,152466,6,4049,140,2
1534272646554148194,152472,6,1738,111,8
1534272646560249526,152478,6,3280,8,6
1534272646565758043,152484,6,6915,83,2
1534272646572277127,152491,7,7543,30,5
1534272646578392564,152497,6,3823,190,4
1534272646584482210,152503,6,1357,105,6
1534272646590273707,152509,6,8067,4,3
1534272646596459845,152515,6,9557,156,0
1534272646602718117,152521,6,9253,46,8
1534272646608697242,152527,6,4363,116,2
1534272646614916554,152534,7,5660,118,8
1534272646621257478,152540,6,3839,178,1
1534272646627056980,152546,6,2326,114,5
1534272646633160493,152552,6,2745,100,1
1534272646639498588,152557,5,6260,126,2
1534272646645367932,152563,6,7803,138,3
1534272646651735304,152569,6,4361,81,2
1534272646657601284,152576,7,8189,33,5
1534272646663998669,152582,6,1032,162,0
1534272646669767197,152588,6,7835,194,8
1534272646675363677,152594,6,9417,52,3
1534272646681809116,152600,6,931,118,0
1534272646687978123,152606,6,6663,87,9
1534272646694078749,152612,6,1465,101,0
1534272646700217273,152619,7,9246,110,8
1534272646706419983,152625,6,9468,138,5
1534272646712331258,152631,6,795,122,2
1534272646718427000,152637,6,6507,22,8
1534272646724550704,152643,6,4617,110,7
1534272646730864906,152649,6,261,162,4
1534272646736897375,152655,6,2597,130,10
1534272646743103894,152662,7,7808,156,5
1534272646749102544,152668,6,5186,99,4
1534272646755363309,152673,5,3369,129,8
1534272646760560072,152679,6,1310,45,6
1534272646766827268,152685,6,7088,129,4
1534272646772883510,152691,6,6635,100,6
1534272646779509535,152697,6,9526,64,1
1534272646785801190,152704,7,1100,199,0
1534272646791550501,152710,6,2495,15,8
1534272646797695240,152716,6,3529,10,10
1534272646803588974,152722,6,7959,81,8
1534272646809900984,152728,6,5162,63,10
1534272646816107350,152734,6,3097,199,6
1534272646822443978,152740,6,2732,89,5
1534272646828342629,152747,7,1590,187,3
1534272646834092609,152753,6,4607,8,1
1534272646840729066,152759,6,57,57,4
1534272646846261244,152765,6,92,52,3
1534272646852477823,152770,5,2393,110,7
1534272646858500914,152776,6,4772,22,1
1534272646864176077,152782,6,7230,1,7
1534272646870250424,152788,6,8130,159,0
1534272646876252671,152795,7,1465,129,9
1534272646882614155,152801,6,3518,9,2
1534272646888686007,152807,6,9399,21,7
1534272646894862942,152813,6,8480,114,8
1534272646901003894,152819,6,2115,155,4
1534272646907277102,152825,6,6491,170,8
1534272646913107022,152832,7,5301,30,10
1534272646919303263,152838,6,6034,63,4
1534272646925359948,152844,6,804,116,7
1534272646931093282,152850,6,192,39,9
1534272646937507697,152855,5,6891,129,4
1534272646943388160,152861,6,4889,187,3
1534272646949821452,152867,6,2608,136,10
1534272646955530074,152873,6,717,83,1
1534272646961554509,152880,7,935,38,2
1534272646968012274,152886,6,1324,155,2
1534272646973598849,152892,6,1185,152,4
1534272646979932510,152898,6,6905,180,1
1534272646986002742,152904,6,5852,121,8
1534272646992137091,152910,6,7251,18,10
1534272646998480158,152916,6,3343,60,10
1534272647004547373,152923,7,6248,141,9
1534272647010802606,152929,6,8120,175,5
1534272647016712273,152935,6,9409,191,0
1534272647022964351,152941,6,2512,25,1
1534272647029012640,152947,6,6367,196,1
1534272647036218648,152953,6,927,50,10
1534272647040898846,152960,7,6812,27,9
1534272647047362656,152966,6,8001,48,0
1534272647053352237,152971,5,2594,191,6
1534272647059389634,152977,6,1428,148,9
1534272647065498113,152983,6,9234,0,1
1534272647071007865,152989,6,8446,108,7
1534272647077213772,152995,6,9707,93,4
1534272647083531359,153001,6,5735,32,8
1534272647089546329,153008,7,1479,37,4
1534272647095547221,153014,6,7964,79,7
1534272647101669345,153020,6,9589,12,3
1534272647107797913,153026,6,7355,11,10
1534272647113878488,153032,6,6978,121,8
1534272647120233901,153038,6,3050,113,9
1534272647126007460,153044,6,8831,12,1
1534272647132620592,153051,7,1628,198,10
1534272647138302470,153057,6,3015,47,6
1534272647144351721,153063,6,6824,55,7
1534272647150881070,153068,5,6706,184,10
1534272647156789394,153075,7,2585,157,3
1534272647162816844,153080,5,7129,60,5
1534272647169045442,153086,6,8076,101,3
1534272647175077487,153093,7,6427,167,9
1534272647181208388,153099,6,3163,109,0
1534272647187046111,153105,6,4852,43,9
1534272647193314409,153111,6,7749,167,7
1534272647199280104,153117,6,5696,186,9
1534272647205563440,153123,6,1230,1,8
1534272647211641568,153129,6,319,186,4
1534272647217917762,153136,7,7374,100,10
1534272647223878331,153142,6,2034,186,7
1534272647229787932,153148,6,8281,120,1
1534272647235883861,153154,6,3619,32,8
1534272647242152050,153160,6,6136,182,7
1534272647248366461,153166,6,3469,132,7
1534272647254467559,153172,6,5854,180,9
1534272647260510011,153179,7,345,19,10
1534272647266392879,153185,6,2979,199,2
1534272647272440142,153191,6,8233,27,7
1534272647278634771,153197,6,4505,70,6
1534272647284638668,153202,5,2681,170,8
1534272647290846440,153208,6,3326,188,8
1534272647296832761,153214,6,7993,45,0
1534272647303060178,153221,7,5079,181,7
1534272647308920684,153227,6,359,184,0
1534272647315075857,153233,6,8185,92,7
1534272647321161175,153239,6,109,174,0
1534272647327420521,153245,6,2964,49,6
1534272647333547459,153251,6,3597,134,5
1534272647339663364,153257,6,7897,100,1
1534272647345342911,153264,7,2104,4,4
1534272647351885874,153270,6,7490,175,4
1534272647357715432,153276,6,6643,44,1
1534272647363653127,153282,6,7123,85,2
1534272647369574074,153288,6,4594,4,7
1534272647375888250,153293,5,1276,44,6
1534272647381683082,153299,6,7623,78,7
1534272647388018094,153306,7,5482,131,7
1534272647393933492,153312,6,7615,55,4
1534272647399984356,153318,6,408,115,10
1534272647406324466,153324,6,8410,116,7
1534272647412533474,153330,6,5615,189,0
1534272647418513448,153336,6,5857,165,1
1534272647424669580,153342,6,9327,147,10
1534272647430870316,153349,7,8472,189,6
1534272647436966362,153355,6,1095,88,1
1534272647443296361,153361,6,3993,139,9
1534272647449341120,153367,6,7886,164,6
1534272647454728236,153373,6,1411,15,2
1534272647460956601,153379,6,7780,90,8
1534272647466856141,153385,6,6552,26,6
1534272647473452283,153392,7,1941,53,2
1534272647479586079,153398,6,6551,198,9
1534272647485490857,153404,6,8485,125,4
1534272647491733171,153409,5,4828,139,10
1534272647498083159,153416,7,6148,148,7
1534272647503853127,153421,5,7231,40,9
1534272647509862028,153427,6,908,66,4
1534272647516114667,153434,7,6878,71,7
1534272647522017458,153440,6,5149,4,5
1534272647528075560,153446,6,7133,42,0
1534272647534263887,153452,6,2727,190,0
1534272647540243774,153458,6,5653,142,4
1534272647546444670,153464,6,3976,137,10
1534272647552677326,153470,6,2419,37,10
1534272647558717754,153477,7,256,154,5
1534272647564239975,153483,6,9889,35,7
1534272647570760610,153489,6,3114,5,8
1534272647576859737,153495,6,4329,183,7
1534272647583064024,153501,6,6451,16,4
1534272647589100188,153506,5,1206,194,0
1534272647595400535,153512,6,2199,131,4
1534272647601226762,153519,7,2514,151,2
1534272647607276948,153525,6,523,44,9
1534272647613492656,153531,6,6800,33,6
1534272647619628725,153537,6,9854,75,10
1534272647625428875,153543,6,163,137,4
1534272647631565281,153549,6,4070,80,5
1534272647637592749,153555,6,3806,178,7
1534272647643846520,153562,7,7561,147,8
1534272647649877837,153568,6,3325,31,0
1534272647655864449,153574,6,566,79,6
1534272647661863432,153580,6,2855,44,9
1534272647667872418,153586,6,8840,172,10
1534272647673973679,153592,6,6977,126,1
1534272647679850702,153598,6,9266,56,0
1534272647686416824,153605,7,5607,36,3
1534272647692223383,153610,5,3007,103,4
1534272647698499979,153616,6,6984,190,5
1534272647704339799,153622,6,5967,90,5
1534272647710617908,153628,6,9091,42,4
1534272647716762984,153634,6,5716,150,10
1534272647722961355,153640,6,6184,109,9
1534272647729022747,153647,7,719,126,7
1534272647735248197,153653,6,9551,21,5
1534272647741024746,153659,6,9864,12,0
1534272647747167520,153665,6,4178,157,3
1534272647753657975,153671,6,2563,41,1
1534272647759347989,153677,6,9157,17,8
1534272647765684300,153683,6,8450,165,4
1534272647771777663,153690,7,5316,148,3
1534272647777508034,153696,6,300,56,2
1534272647783715461,153702,6,9731,22,4
1534272647789845854,153708,6,3412,45,4
1534272647795682107,153713,5,3468,11,4
1534272647801792341,153719,6,5346,49,4
1534272647807891501,153725,6,9047,98,1
1534272647814057282,153732,7,703,167,3
1534272647820339914,153738,6,1990,104,3
1534272647826499495,153744,6,2532,152,3
1534272647832239849,153750,6,876,93,8
1534272647838326667,153756,6,5672,112,3
1534272647844596774,153762,6,7270,44,7
1534272647850834476,153768,6,1533,12,4
1534272647856721694,153775,7,8227,114,5
1534272647862495138,153781,6,5552,71,3
1534272647868620740,153787,6,2529,179,7
1534272647874737287,153793,6,3468,6,9
1534272647880775767,153798,5,1668,62,4
1534272647886902668,153804,6,6733,161,9
1534272647892903181,153810,6,2708,30,1
1534272647898914468,153817,7,9396,12,10
1534272647905206761,153823,6,560,33,6
1534272647911087280,153829,6,2591,56,1
1534272647917324170,153835,6,4877,62,9
1534272647923577688,153841,6,3896,193,5
1534272647929533679,153847,6,221,83,4
1534272647935675809,153853,6,3326,106,10
1534272647941924760,153860,7,5780,126,2
1534272647955445040,153872,6,8612,166,10
1534272647961765234,153878,6,2835,36,0
1534272648963057288,154880,1002,9114,9,5
1534272649964757636,155881,1001,941,119,0
1534272650966260691,156882,1001,8916,95,6
1534272651968372934,157884,1002,1180,183,10
1534272652970045665,158884,1000,7760,65,2
1534272653971196416,159886,1002,9368,61,9
1534272654973069751,160887,1001,4041,88,10
1534272655974879316,161889,1002,3840,183,1
1534272656976652123,162889,1000,1424,108,4
1534272657978103936,163891,1002,8053,92,1
